frame_index,timestamp_seconds,supporting_hip_offset_ratio,confidence
0,0.0,0.0545,0.7238794565200806
1,0.033,0.0499,0.7146439552307129
2,0.067,0.054,0.7119102478027344
3,0.1,0.0604,0.711354672908783
4,0.134,0.0667,0.7062715888023376
5,0.167,0.0723,0.701789140701294
6,0.2,0.0819,0.7056684494018555
7,0.234,0.0766,0.6984235048294067
8,0.267,0.0755,0.7020535469055176
9,0.3,0.0724,0.7043176889419556
10,0.334,0.0694,0.7089358568191528
11,0.367,0.0653,0.7086098790168762
12,0.401,0.0575,0.6958260536193848
13,0.434,0.055,0.6951921582221985
14,0.467,0.0508,0.694094717502594
15,0.501,0.0493,0.6908382773399353
16,0.534,0.0428,0.6758444905281067
17,0.568,0.0486,0.6753741502761841
18,0.601,0.0478,0.6720591187477112
19,0.634,0.0418,0.6693708300590515
20,0.668,0.0368,0.6685994267463684
21,0.701,0.0368,0.6649975180625916
22,0.734,0.0361,0.6610786318778992
23,0.768,0.0346,0.6547532677650452
24,0.801,0.0347,0.6451640725135803
25,0.835,0.0382,0.6432933807373047
26,0.868,0.0328,0.6382551789283752
27,0.901,0.0303,0.6316283345222473
28,0.935,0.0236,0.6224229335784912
29,0.968,0.0224,0.6230564117431641
30,1.002,0.0187,0.606620192527771
31,1.035,0.0176,0.6105120778083801
32,1.068,0.0174,0.6097154021263123
33,1.102,0.0163,0.6026572585105896
34,1.135,0.017,0.5990567207336426
35,1.168,0.0167,0.5855330228805542
36,1.202,0.0157,0.5717188715934753
37,1.235,0.0151,0.5680155158042908
38,1.269,0.0161,0.5662208199501038
39,1.302,0.018,0.5600316524505615
40,1.335,0.0183,0.5538934469223022
41,1.369,,0.5470741391181946
42,1.402,,0.5466912984848022
43,1.436,,0.540522038936615
44,1.469,,0.53861004114151
45,1.502,,0.5316997170448303
46,1.536,,0.5253402590751648
47,1.569,,0.5205528736114502
48,1.602,,0.5172197222709656
49,1.636,,0.5133102536201477
50,1.669,,0.5024470686912537
51,1.703,,0.48281657695770264
52,1.736,,0.4732646644115448
53,1.769,,0.464507132768631
54,1.803,,0.4500068426132202
55,1.836,,0.4378248155117035
56,1.869,,0.42058154940605164
57,1.903,,0.4137468934059143
58,1.936,,0.408588707447052
59,1.97,,0.40892505645751953
60,2.003,,0.4117969870567322
61,2.036,,0.4120119512081146
62,2.07,,0.42040249705314636
63,2.103,,0.4139290452003479
64,2.137,,0.40766459703445435
65,2.17,,0.3979707658290863
66,2.203,,0.39824816584587097
67,2.237,,0.40146249532699585
68,2.27,,0.42783114314079285
69,2.303,,0.4377651810646057
70,2.337,,0.46535784006118774
71,2.37,,0.49488523602485657
72,2.404,,0.526058554649353
73,2.437,,0.5479788780212402
74,2.47,0.0358,0.5677021145820618
75,2.504,0.0358,0.6003052592277527
76,2.537,0.0432,0.6366106867790222
77,2.571,0.0357,0.666873574256897
78,2.604,0.0289,0.6960533857345581
79,2.637,0.027,0.7193300127983093
80,2.671,0.0253,0.7390137910842896
81,2.704,0.024,0.7579172849655151
82,2.737,0.0238,0.7749077081680298
83,2.771,0.0209,0.7924556732177734
84,2.804,0.0194,0.8084824085235596
85,2.838,0.0188,0.8232989311218262
86,2.871,0.0065,0.8369349241256714
87,2.904,0.0075,0.8491244316101074
88,2.938,0.0026,0.8612266182899475
89,2.971,0.0027,0.8689677119255066
90,3.005,0.0015,0.8765936493873596
91,3.038,0.008,0.885221540927887
92,3.071,0.0127,0.8926658034324646
93,3.105,0.0291,0.9027414917945862
94,3.138,0.0313,0.9107134938240051
95,3.171,0.0267,0.9171951413154602
96,3.205,0.0267,0.9228318929672241
97,3.238,0.0245,0.9267674088478088
98,3.272,0.0348,0.9314999580383301
99,3.305,0.0349,0.9351824522018433
100,3.338,0.0327,0.9381589293479919
101,3.372,0.0315,0.9408153295516968
102,3.405,0.0306,0.9430533051490784
103,3.439,0.0313,0.9455118179321289
104,3.472,0.0306,0.9480142593383789
105,3.505,0.0315,0.9489914774894714
106,3.539,0.0311,0.9507277607917786
107,3.572,0.0279,0.9522938132286072
108,3.605,0.0262,0.9521597027778625
109,3.639,0.0258,0.9517609477043152
110,3.672,0.0255,0.9509389996528625
111,3.706,0.0256,0.9502231478691101
112,3.739,0.0249,0.9504699110984802
113,3.772,0.0242,0.951948881149292
114,3.806,0.0246,0.9514477849006653
115,3.839,0.0165,0.950459897518158
116,3.873,0.0171,0.945967435836792
117,3.906,0.02,0.9442204833030701
118,3.939,0.0208,0.943820595741272
119,3.973,0.0213,0.9383895993232727
120,4.006,0.0213,0.9347200393676758
121,4.039,0.0214,0.9344214797019958
122,4.073,0.023,0.936327338218689
123,4.106,0.0237,0.9374480843544006
124,4.14,0.0247,0.9406938552856445
125,4.173,0.0249,0.9424662590026855
126,4.206,0.0252,0.9416058659553528
127,4.24,0.0176,0.9397740960121155
128,4.273,0.0151,0.9398922324180603
129,4.307,0.0145,0.9375545978546143
130,4.34,0.0159,0.9377450942993164
131,4.373,0.0156,0.9341450929641724
132,4.407,0.0168,0.9358496069908142
133,4.44,0.017,0.9305479526519775
134,4.473,0.0194,0.9278900623321533
135,4.507,0.0196,0.9258899092674255
136,4.54,0.0197,0.9246184229850769
137,4.574,0.0202,0.9247896671295166
138,4.607,0.0238,0.9241526126861572
139,4.64,0.0243,0.9242838621139526
140,4.674,0.0317,0.9278416633605957
141,4.707,0.0289,0.9299655556678772
142,4.741,0.0268,0.932429313659668
143,4.774,0.0285,0.9345494508743286
144,4.807,0.0205,0.9370632171630859
145,4.841,0.0205,0.9396072030067444
146,4.874,0.0159,0.9407193660736084
147,4.907,0.0169,0.9436252117156982
148,4.941,0.0125,0.9417439103126526
149,4.974,0.0135,0.9411579966545105
150,5.008,0.0122,0.9403446912765503
151,5.041,0.0123,0.9424383044242859
152,5.074,0.0088,0.9427303671836853
153,5.108,0.0085,0.9440603852272034
154,5.141,0.0127,0.945306122303009
155,5.175,0.0148,0.9469409584999084
156,5.208,0.0156,0.9431105852127075
157,5.241,0.0159,0.9420973658561707
158,5.275,0.0221,0.9413606524467468
159,5.308,0.022,0.9400849342346191
160,5.341,0.0235,0.9398795962333679
161,5.375,0.0234,0.9420045018196106
162,5.408,0.0233,0.9430352449417114
163,5.442,0.0232,0.9434450268745422
164,5.475,0.0221,0.9462172985076904
165,5.508,0.0242,0.9461339712142944
166,5.542,0.0238,0.9442164301872253
167,5.575,0.024,0.9426289200782776
168,5.608,0.0277,0.9408823251724243
169,5.642,0.0289,0.9395614862442017
170,5.675,0.0286,0.9419417977333069
171,5.709,0.0283,0.9440840482711792
172,5.742,0.0317,0.9436532258987427
173,5.775,0.034,0.9436684250831604
174,5.809,0.0338,0.943737268447876
175,5.842,0.0331,0.9435092210769653
176,5.876,0.0283,0.9435255527496338
177,5.909,0.0297,0.9433743953704834
178,5.942,0.03,0.9410793781280518
179,5.976,0.0306,0.9405990242958069
180,6.009,0.0298,0.9412168860435486
181,6.042,0.0285,0.9400808811187744
182,6.076,0.0286,0.9404745697975159
183,6.109,0.0284,0.9394332766532898
184,6.143,0.0276,0.9396470189094543
185,6.176,0.0254,0.9397597312927246
186,6.209,0.0122,0.9404552578926086
187,6.243,0.0129,0.9414828419685364
188,6.276,0.0226,0.9395691752433777
189,6.31,0.0227,0.9391745924949646
190,6.343,0.0255,0.9376847743988037
191,6.376,0.0337,0.9366840124130249
192,6.41,0.0355,0.9357092976570129
193,6.443,0.0268,0.9348095059394836
194,6.476,0.0278,0.9339141249656677
195,6.51,0.0292,0.9334497451782227
196,6.543,0.0289,0.9323593974113464
197,6.577,0.0292,0.9322187304496765
198,6.61,0.0251,0.9315539598464966
199,6.643,0.0246,0.9322755932807922
200,6.677,0.0254,0.9327592253684998
201,6.71,0.0236,0.9345167279243469
202,6.744,0.2927,0.9383503198623657
203,6.777,0.1759,0.9413532614707947
204,6.81,0.1119,0.9445770978927612
205,6.844,0.022,0.9483011364936829
206,6.877,0.0278,0.9515237808227539
207,6.91,0.1384,0.9528487920761108
208,6.944,0.0555,0.9549148678779602
209,6.977,0.0049,0.9576777815818787
210,7.011,0.0941,0.9576842188835144
211,7.044,0.0572,0.9589306712150574
212,7.077,0.2278,0.9582898020744324
213,7.111,0.0345,0.9594970345497131
214,7.144,0.2464,0.958873450756073
215,7.178,0.1815,0.9557586312294006
216,7.211,0.0114,0.9567549228668213
217,7.244,0.022,0.957144021987915
218,7.278,0.0342,0.9547237157821655
219,7.311,0.0018,0.9560470581054688
220,7.344,0.0344,0.9580497741699219
221,7.378,0.0384,0.9607450366020203
222,7.411,0.0408,0.9632622003555298
223,7.445,0.037,0.963245689868927
224,7.478,0.0254,0.9653429388999939
225,7.511,0.0349,0.9674542546272278
226,7.545,0.1695,0.9618295431137085
227,7.578,0.0044,0.9639645218849182
228,7.612,0.0169,0.9663560390472412
229,7.645,0.0269,0.9680253267288208
230,7.678,0.0361,0.9696876406669617
231,7.712,0.0329,0.9713761210441589
232,7.745,0.0422,0.9730018973350525
233,7.778,0.0437,0.9742175936698914
234,7.812,0.0367,0.9755498170852661
235,7.845,0.0234,0.977019727230072
236,7.879,0.0198,0.9783726334571838
237,7.912,0.019,0.979069709777832
238,7.945,0.0187,0.9797883033752441
239,7.979,0.0179,0.9803402423858643
240,8.012,0.0175,0.980742871761322
241,8.046,0.0205,0.980927050113678
242,8.079,0.02,0.9813882112503052
243,8.112,0.019,0.9819977283477783
244,8.146,0.016,0.9823213219642639
245,8.179,0.0088,0.9825405478477478
246,8.212,0.003,0.9828681349754333
247,8.246,0.0029,0.9831240177154541
248,8.279,0.0058,0.983331561088562
249,8.313,0.013,0.9831617474555969
250,8.346,0.0181,0.9834301471710205
251,8.379,0.0209,0.983676016330719
252,8.413,0.0219,0.9839732646942139
253,8.446,0.0219,0.9837971925735474
254,8.48,0.0218,0.9838324785232544
255,8.513,0.0173,0.9839849472045898
256,8.546,0.0205,0.9838431477546692
257,8.58,0.0212,0.9839195013046265
258,8.613,0.0258,0.9840022325515747
259,8.646,0.0256,0.9842979907989502
260,8.68,0.0256,0.9840708374977112
261,8.713,0.0204,0.984269380569458
262,8.747,0.0149,0.9841865301132202
263,8.78,0.0223,0.9840254783630371
264,8.813,0.0216,0.9840649366378784
265,8.847,0.0221,0.983856201171875
266,8.88,0.0213,0.9837424755096436
267,8.914,0.0208,0.983543336391449
268,8.947,0.0205,0.9837108850479126
269,8.98,0.0206,0.9836404323577881
270,9.014,0.022,0.9840377569198608
271,9.047,0.0217,0.9845398664474487
272,9.08,0.0213,0.9845936894416809
273,9.114,0.0205,0.9847339391708374
274,9.147,0.0204,0.9846714735031128
275,9.181,0.0162,0.9847432971000671
276,9.214,0.0154,0.9848443865776062
277,9.247,0.0151,0.9852154850959778
278,9.281,0.013,0.985318660736084
279,9.314,0.0136,0.9852553606033325
280,9.347,0.0126,0.9854076504707336
281,9.381,0.0102,0.9855546355247498
282,9.414,0.0097,0.9853431582450867
283,9.448,0.0073,0.985471785068512
284,9.481,0.0067,0.985663652420044
285,9.514,0.0047,0.9855482578277588
286,9.548,0.0051,0.9852607250213623
287,9.581,0.0062,0.9853209257125854
288,9.615,0.007,0.98534095287323
289,9.648,0.007,0.9854012727737427
290,9.681,0.0099,0.9853982329368591
291,9.715,0.0087,0.9855456352233887
292,9.748,0.0082,0.985313355922699
293,9.781,0.0101,0.985140860080719
294,9.815,0.0116,0.9852944016456604
295,9.848,0.0037,0.9855461120605469
296,9.882,0.0053,0.9855811595916748
297,9.915,0.0067,0.9859423041343689
298,9.948,0.0011,0.9861458539962769
299,9.982,0.0007,0.9862342476844788
300,10.015,0.0009,0.9863817095756531
301,10.049,0.0034,0.9864932894706726
302,10.082,0.002,0.9869372844696045
303,10.115,0.0026,0.9874171018600464
304,10.149,0.0027,0.9878958463668823
305,10.182,0.0029,0.9879807233810425
306,10.215,0.006,0.9884086847305298
307,10.249,0.0064,0.9886890053749084
308,10.282,0.005,0.9887436628341675
309,10.316,0.0032,0.9888566136360168
310,10.349,0.0034,0.9889083504676819
311,10.382,0.0023,0.9888731241226196
312,10.416,0.004,0.9887333512306213
313,10.449,0.0049,0.9887702465057373
314,10.483,0.0047,0.9887473583221436
315,10.516,0.005,0.9886031150817871
316,10.549,0.0051,0.9886923432350159
317,10.583,0.0027,0.9887158870697021
318,10.616,0.0026,0.9887816309928894
319,10.649,0.0031,0.9886415004730225
320,10.683,0.0025,0.9885309338569641
321,10.716,0.0029,0.9884443283081055
322,10.75,0.0042,0.9881657361984253
323,10.783,0.0066,0.9882085919380188
324,10.816,0.0004,0.9885693192481995
325,10.85,0.0007,0.9887604713439941
326,10.883,0.0008,0.9883913397789001
327,10.917,0.0026,0.988348126411438
328,10.95,0.0028,0.988348662853241
329,10.983,0.0023,0.9884278774261475
330,11.017,0.0011,0.9884593486785889
331,11.05,0.0003,0.9886629581451416
332,11.083,0.0048,0.9886940121650696
333,11.117,0.0047,0.9888474345207214
334,11.15,0.0034,0.9891551733016968
335,11.184,0.0046,0.9888584613800049
336,11.217,0.0046,0.9884926676750183
337,11.25,0.0039,0.9883545637130737
338,11.284,0.0036,0.9880662560462952
339,11.317,0.006,0.9879395961761475
340,11.351,0.0073,0.9879501461982727
341,11.384,0.0103,0.9876189231872559
342,11.417,0.0095,0.9876448512077332
343,11.451,0.0096,0.98752361536026
344,11.484,0.0084,0.9875965714454651
345,11.517,0.0077,0.9874304533004761
346,11.551,0.0092,0.9869687557220459
347,11.584,0.0093,0.9865378737449646
348,11.618,0.0077,0.9864022731781006
349,11.651,0.0038,0.9862865209579468
350,11.684,0.0016,0.9859581589698792
351,11.718,0.0025,0.9857542514801025
352,11.751,0.0013,0.9855721592903137
353,11.785,0.0029,0.9854918718338013
354,11.818,0.001,0.985034704208374
355,11.851,0.0008,0.9849804639816284
356,11.885,0.004,0.985216498374939
357,11.918,0.0027,0.9855160713195801
358,11.951,0.0023,0.985771656036377
359,11.985,0.0018,0.9860367178916931
360,12.018,0.0063,0.9861198663711548
361,12.052,0.0088,0.9863744974136353
362,12.085,0.0099,0.9866742491722107
363,12.118,0.0102,0.986940324306488
364,12.152,0.0189,0.9871248006820679
365,12.185,0.0194,0.9872114658355713
366,12.219,0.0192,0.9874588251113892
367,12.252,0.0203,0.9878731369972229
368,12.285,0.0219,0.9883074164390564
369,12.319,0.0224,0.9880034327507019
370,12.352,0.0219,0.9879381656646729
371,12.385,0.0295,0.9878702163696289
372,12.419,0.0297,0.9874736666679382
373,12.452,0.0293,0.9868205189704895
374,12.486,0.0208,0.9849706292152405
375,12.519,0.0091,0.9828165173530579
376,12.552,0.0019,0.9806720018386841
377,12.586,0.0117,0.9783569574356079
378,12.619,0.0096,0.9772545695304871
379,12.653,0.2044,0.9730291366577148
380,12.686,0.0806,0.9747300148010254
381,12.719,0.1638,0.9731647968292236
382,12.753,0.0953,0.9747825264930725
383,12.786,0.09,0.9736994504928589
384,12.819,0.0264,0.9733110070228577
385,12.853,0.0134,0.9718748331069946
386,12.886,0.0175,0.9724311232566833
387,12.92,0.015,0.9705283641815186
388,12.953,0.0067,0.9693414568901062
389,12.986,0.0092,0.9684811234474182
390,13.02,0.0163,0.9671359658241272
391,13.053,0.0117,0.9638098478317261
392,13.086,0.0117,0.9537630677223206
393,13.12,0.0015,0.9331422448158264
394,13.153,0.0131,0.9296311140060425
395,13.187,0.0122,0.9280146956443787
396,13.22,0.0143,0.924248218536377
397,13.253,0.0112,0.9235508441925049
398,13.287,0.0108,0.9236280918121338
399,13.32,0.0067,0.9148358106613159
400,13.354,0.0093,0.9081895351409912
401,13.387,0.0137,0.9086160063743591
402,13.42,0.0056,0.9083847999572754
403,13.454,0.008,0.9083534479141235
404,13.487,0.0084,0.9026336669921875
405,13.52,0.0001,0.8960657119750977
406,13.554,0.0015,0.9003973603248596
407,13.587,0.0015,0.8971616625785828
408,13.621,0.0004,0.9021921157836914
409,13.654,0.0025,0.9077337980270386
410,13.687,0.0018,0.908845067024231
411,13.721,0.0021,0.909339964389801
412,13.754,0.0006,0.9121953845024109
413,13.788,0.0003,0.9107357859611511
414,13.821,0.0024,0.9119372367858887
415,13.854,0.0016,0.9119953513145447
416,13.888,0.0027,0.9146441221237183
417,13.921,0.0027,0.9139249324798584
418,13.954,0.0038,0.9149037599563599
419,13.988,0.007,0.9166804552078247
420,14.021,0.0059,0.9150882363319397
421,14.055,0.0072,0.915800929069519
422,14.088,0.0077,0.9177144765853882
423,14.121,0.0085,0.9171812534332275
424,14.155,0.0091,0.9147235751152039
425,14.188,0.01,0.9067813754081726
426,14.222,0.0122,0.9012879729270935
427,14.255,0.0138,0.9034615159034729
428,14.288,0.0167,0.9041869640350342
429,14.322,0.0176,0.9068894982337952
430,14.355,0.0181,0.906959056854248
431,14.388,0.0191,0.907747209072113
432,14.422,0.0193,0.9097947478294373
433,14.455,0.0208,0.907611608505249
434,14.489,0.0203,0.912135124206543
435,14.522,0.0175,0.9157295227050781
436,14.555,0.0183,0.9190092086791992
437,14.589,0.0204,0.9217336177825928
438,14.622,0.0242,0.9253891110420227
439,14.656,0.0267,0.9299377799034119
440,14.689,0.0129,0.9334026575088501
441,14.722,0.0103,0.9352615475654602
442,14.756,0.0047,0.937326192855835
443,14.789,0.0015,0.9386930465698242
444,14.822,0.0051,0.9396985769271851
445,14.856,0.0074,0.9401664733886719
446,14.889,0.0097,0.9394873380661011
447,14.923,0.0141,0.938856303691864
448,14.956,0.0199,0.9384523034095764
449,14.989,0.0208,0.9373009204864502
450,15.023,0.0267,0.9361392259597778
451,15.056,0.0379,0.9346714615821838
452,15.09,0.0413,0.9346424341201782
453,15.123,0.0377,0.9361602663993835
454,15.156,0.0338,0.937376856803894
455,15.19,0.0267,0.9338563680648804
456,15.223,0.0238,0.93474280834198
457,15.256,0.021,0.9332196116447449
458,15.29,0.0172,0.9343492984771729
459,15.323,0.0123,0.9357741475105286
460,15.357,0.012,0.9372395873069763
461,15.39,0.0071,0.9360653758049011
462,15.423,0.0005,0.932219386100769
463,15.457,0.0009,0.9285446405410767
464,15.49,0.0076,0.9198905229568481
465,15.524,0.014,0.9053559303283691
466,15.557,0.019,0.8919380903244019
467,15.59,0.0181,0.8767438530921936
468,15.624,0.0186,0.8596038222312927
469,15.657,0.0196,0.8438612222671509
470,15.69,0.0226,0.8275551199913025
471,15.724,0.0225,0.8147039413452148
472,15.757,0.0231,0.7999752163887024
473,15.791,0.0233,0.7867175340652466
474,15.824,0.0203,0.7723051905632019
475,15.857,0.0191,0.7595401406288147
476,15.891,0.0172,0.7552343606948853
477,15.924,0.0125,0.7501122951507568
478,15.958,0.0042,0.7478721737861633
479,15.991,0.0018,0.7513930201530457
480,16.024,0.0053,0.7589636445045471
481,16.058,0.0084,0.7615123391151428
482,16.091,0.0129,0.7693959474563599
483,16.124,0.0131,0.7744113206863403
484,16.158,0.012,0.7847939729690552
485,16.191,0.0648,0.7920017838478088
486,16.225,0.0466,0.7970548272132874
487,16.258,0.0461,0.7941036224365234
488,16.291,0.0508,0.7780704498291016
489,16.325,0.0387,0.7718563675880432
490,16.358,0.031,0.7682294249534607
491,16.392,0.0314,0.7658467292785645
492,16.425,0.025,0.763634204864502
493,16.458,0.0237,0.763295590877533
494,16.492,0.0237,0.7603727579116821
495,16.525,0.0145,0.7656318545341492
496,16.558,0.0144,0.7704983949661255
497,16.592,0.0103,0.7714006304740906
498,16.625,0.006,0.7749959230422974
499,16.659,0.0026,0.7779814004898071
500,16.692,0.0002,0.780643880367279
501,16.725,0.0033,0.7854290008544922
502,16.759,0.0074,0.7904282212257385
503,16.792,0.0154,0.794793426990509
504,16.825,0.0271,0.8017867207527161
505,16.859,0.0333,0.8101171851158142
506,16.892,0.0484,0.8146659731864929
507,16.926,0.046,0.8133138418197632
508,16.959,0.0452,0.8118317723274231
509,16.992,0.0414,0.8085402250289917
510,17.026,0.0399,0.8025990128517151
511,17.059,0.0367,0.8003182411193848
512,17.093,0.0326,0.7908660769462585
513,17.126,0.0281,0.7848413586616516
514,17.159,0.0281,0.7749238014221191
515,17.193,0.028,0.7686673998832703
516,17.226,0.0272,0.7649520635604858
517,17.259,0.0295,0.7589243054389954
518,17.293,0.0259,0.7559748291969299
519,17.326,0.0248,0.7482551336288452
520,17.36,0.0189,0.7442445755004883
521,17.393,0.0193,0.7401208877563477
522,17.426,0.0168,0.737877607345581
523,17.46,0.0174,0.7329645752906799
524,17.493,0.0168,0.7301799058914185
525,17.527,0.0165,0.7272762060165405
526,17.56,0.0168,0.7238778471946716
527,17.593,0.0117,0.7183061838150024
528,17.627,0.0131,0.7185980677604675
529,17.66,0.0132,0.7176302671432495
530,17.693,0.0124,0.7169946432113647
531,17.727,0.0112,0.7157807350158691
532,17.76,0.007,0.7144906520843506
533,17.794,0.008,0.7226048111915588
534,17.827,0.0052,0.7318083047866821
535,17.86,0.0053,0.7371090650558472
536,17.894,0.0048,0.7445756196975708
537,17.927,0.0048,0.7445803284645081
538,17.961,0.0048,0.7416760325431824
539,17.994,0.0043,0.7425085306167603
540,18.027,0.0037,0.7402118444442749
541,18.061,0.0037,0.7350424528121948
542,18.094,0.0068,0.7333278059959412
543,18.127,0.012,0.7331808805465698
544,18.161,0.0156,0.7274565100669861
545,18.194,0.016,0.7264838218688965
546,18.228,0.0156,0.7232011556625366
547,18.261,0.0167,0.7114599943161011
548,18.294,0.0145,0.7092467546463013
549,18.328,0.0155,0.7039487361907959
550,18.361,0.0143,0.7012012004852295
551,18.395,0.0139,0.6991126537322998
552,18.428,0.0124,0.7005243897438049
553,18.461,0.0129,0.7007495760917664
554,18.495,0.0143,0.7066314816474915
555,18.528,0.0145,0.7005487084388733
556,18.561,0.016,0.6985931992530823
557,18.595,0.0164,0.6892473101615906
558,18.628,0.0154,0.6703418493270874
559,18.662,0.0202,0.658169150352478
560,18.695,0.0169,0.6336930394172668
561,18.728,0.0136,0.621566891670227
562,18.762,0.0127,0.6126064658164978
563,18.795,0.0123,0.6170416474342346
564,18.829,0.0271,0.6169787049293518
565,18.862,0.0916,0.6284359693527222
566,18.895,0.0412,0.6429063677787781
567,18.929,0.0367,0.6495642066001892
568,18.962,0.0234,0.6749104857444763
569,18.995,0.0241,0.6995099782943726
570,19.029,0.0007,0.7267508506774902
571,19.062,0.0077,0.752112090587616
572,19.096,0.0061,0.7752463817596436
573,19.129,0.0142,0.796713650226593
574,19.162,0.0141,0.8165211081504822
575,19.196,0.0152,0.8333820104598999
576,19.229,0.0161,0.8495447039604187
577,19.263,0.0157,0.8636220693588257
578,19.296,0.021,0.8757011294364929
579,19.329,0.0199,0.8859522342681885
580,19.363,0.0196,0.8944090008735657
581,19.396,0.019,0.9026079177856445
582,19.429,0.0161,0.9101576209068298
583,19.463,0.0152,0.9165781736373901
584,19.496,0.017,0.9215757846832275
585,19.53,0.0187,0.926363468170166
586,19.563,0.0201,0.9299824833869934
587,19.596,0.0229,0.9304664134979248
588,19.63,0.024,0.9269347786903381
589,19.663,0.0259,0.9252941608428955
590,19.697,0.0261,0.9236681461334229
591,19.73,0.0281,0.9238854646682739
592,19.763,0.0285,0.9239304661750793
593,19.797,0.0286,0.921978235244751
594,19.83,0.0294,0.920414924621582
595,19.863,0.0292,0.9221547842025757
596,19.897,0.0291,0.9255267381668091
597,19.93,0.0306,0.9280772805213928
598,19.964,0.028,0.93119877576828
599,19.997,0.028,0.9340620636940002
600,20.03,0.0288,0.9312734603881836
601,20.064,0.0285,0.9291086792945862
602,20.097,0.0283,0.9172155857086182
603,20.131,0.0286,0.911382257938385
604,20.164,0.0282,0.9099783301353455
605,20.197,0.0293,0.9022203087806702
606,20.231,0.0276,0.9024413824081421
607,20.264,0.0287,0.8949783444404602
608,20.297,0.0283,0.8894338607788086
609,20.331,0.0284,0.8854007720947266
610,20.364,0.0232,0.8896700143814087
611,20.398,0.0233,0.8889354467391968
612,20.431,0.024,0.8892600536346436
613,20.464,0.0233,0.8892197012901306
614,20.498,0.0274,0.8844261169433594
615,20.531,0.0287,0.8783981800079346
616,20.564,0.03,0.8737785220146179
617,20.598,0.032,0.8747121095657349
618,20.631,0.0306,0.8779990673065186
619,20.665,0.0325,0.8818848729133606
620,20.698,0.0331,0.8824471235275269
621,20.731,0.0362,0.8859730958938599
622,20.765,0.0304,0.8892176151275635
623,20.798,0.0309,0.8923314213752747
624,20.832,0.0328,0.8955858945846558
625,20.865,0.0329,0.8969564437866211
626,20.898,0.0324,0.8983001112937927
627,20.932,0.0316,0.9015449285507202
628,20.965,0.0316,0.9008281230926514
629,20.998,0.0331,0.9005951881408691
630,21.032,0.0353,0.9031781554222107
631,21.065,0.0353,0.9062148928642273
632,21.099,0.0368,0.9054454565048218
633,21.132,0.0368,0.9074788093566895
634,21.165,0.0374,0.909454345703125
635,21.199,0.038,0.9097256064414978
636,21.232,0.0392,0.9116761088371277
637,21.266,0.0407,0.9125303626060486
638,21.299,0.0415,0.9138492345809937
639,21.332,0.0412,0.9135820865631104
640,21.366,0.041,0.9159505367279053
641,21.399,0.0437,0.9181302785873413
642,21.432,0.042,0.9192726612091064
643,21.466,0.0394,0.9204052686691284
644,21.499,0.0396,0.9216890335083008
645,21.533,0.0363,0.9200056195259094
646,21.566,0.0392,0.919397234916687
647,21.599,0.0404,0.9155566692352295
648,21.633,0.0403,0.9102806448936462
649,21.666,0.043,0.9089841842651367
650,21.7,0.0403,0.9103624224662781
651,21.733,0.0401,0.9121817350387573
652,21.766,0.0382,0.9053621292114258
653,21.8,0.038,0.905667245388031
654,21.833,0.036,0.899776041507721
655,21.866,0.0362,0.9008159637451172
656,21.9,0.0347,0.9001147747039795
657,21.933,0.0344,0.9011827111244202
658,21.967,0.033,0.8960508108139038
