video_id,file_name,dancer_id,session_id,movement,camera_view,overall_label,correction_category,correction_notes,repetition_count,video_quality,pose_visibility,permission_status
1,dancer01_session01_plie_front_good.mov,1,1,plies,front,good,heels lift,also more energy in the hands needed,,,,
2,dancer01_session02_plie_front_good.mov,1,1,plies ,front ,good,heels lift,more energy in hand. Shoulders down. Good turnout good knee over toes. Foot sickles when rond de jame from.  second to fourth. In fifth position front foot is not closed all the way,,,,
3,dancer01_session03_plie_front_good.mov,1,1,plies ,front,good,,,,,,
4,dancer01_session04_plies_front_bad.mov,1,1,plies,front ,bad,,,,,,
5,dancer_01_session05_tendus_front_good.MOV,1,1,tendus,front,good,working foot sickles in tendu front,foot should go straight back in tendu back,,,,
6,dancer01_session06_tendus_front_good.MOV,1,1,tendus,front ,good,working foot sickles in tendu front,foot should go straight back in tendu back,,,,
7,dancer01_session07_tendus_side_good.MOV,1,1,tendus,side,good,rotate the working leg from the top of the foot. Close the ribs. Do not twist the hips when tendu back. More rotation from the hip for tendu front. ,,,,,
8,dancer01_session08_tendu_plies_front_good.MOV,1,1,tendu and releves,front ,good,foot is sickled in the front. Foot sould be more winged. Straighter legs. Plies in first are good. Good working through the feet. ,,,,,
9,dancer01_session09_plies_side_bad.MOV,1,1,plies,side ,bad,knees not over ties. Ribs open. ,,,,,
10,dancer01_session10_plies_tendus_45_good.MOV,1,1,plies and tendus,45,good,knees could go over toes more. Back tendu could be more corssed back. Foot sickles a little when closes to fifth. ,,,,,
11,dancer01_session11_arabesque_good_45.MOV,1,1,arabesque pench,45,good,shoulders down. More turnout on working leg. Engage core. ,,,,,
12,dancer01_session12_tendus_45_good.MOV,1,1,tendu,45,good,more turnout and shape the foot better,,,,,
13,dancer01_session13_tendu_45_good.MOV,1,1,tendu,45,good,,,,,,
14,dancer01_session14_plies_side_good.MOV,1,1,plies,side,good,knees need to track over toes more. Engage core and close the ribs,,,,,
15,dancer02_session01_plies,2,1,plies,side,good,knees track over toes better,,,,,
16,dancer02_session01_tendu_side.mp4,2,1,tendus ,side,good ,more turnout and shape the foot better,,,,,
17,dancer03_session01_plies_front_good,3,1,plies,front ,good,perfect,,,,,
18,dancer03_session01_tendus_front_good,3,1,tendus,front ,good,perfect,,,,,
19,dancer03_session01_tendusfifth_front_good,3,1,tendus,front,good,perfect,,,,,
20,dancer03_session02_plies_45_good,3,2,plies,45,good,perfect,,,,,
21,dancer03_session02_tendus_45_good,3,2,tendus,45,good,perfect,,,,,
