video_id,file_name,dancer_id,session_id_original,recording_session,movement_original,movement_group,camera_view,overall_label,correction_category_original,primary_correction_category,correction_notes,repetition_count,video_quality,pose_visibility,permission_status,review_status
1,dancer01_session01_plie_front_good.mov,1,1,dancer01_session01,plies,plie,front,good,heels lift,coaching_note,also more energy in the hands needed,,,,,good_with_coaching_notes
2,dancer01_session02_plie_front_good.mov,1,1,dancer01_session02,plies,plie,front,good,heels lift,coaching_note,more energy in hand. Shoulders down. Good turnout good knee over toes. Foot sickles when rond de jame from.  second to fourth. In fifth position front foot is not closed all the way,,,,,good_with_coaching_notes
3,dancer01_session03_plie_front_good.mov,1,1,dancer01_session03,plies,plie,front,good,,none_observed,,,,,,good_example
4,dancer01_session04_plies_front_bad.mov,1,1,dancer01_session04,plies,plie,front,bad,,needs_review,,,,,,needs_review
5,dancer_01_session05_tendus_front_good.MOV,1,1,dancer01_session05,tendus,tendu,front,good,working foot sickles in tendu front,coaching_note,foot should go straight back in tendu back,,,,,good_with_coaching_notes
6,dancer01_session06_tendus_front_good.MOV,1,1,dancer01_session06,tendus,tendu,front,good,working foot sickles in tendu front,coaching_note,foot should go straight back in tendu back,,,,,good_with_coaching_notes
7,dancer01_session07_tendus_side_good.MOV,1,1,dancer01_session07,tendus,tendu,side,good,rotate the working leg from the top of the foot. Close the ribs. Do not twist the hips when tendu back. More rotation from the hip for tendu front.,coaching_note,,,,,,good_with_coaching_notes
8,dancer01_session08_tendu_plies_front_good.MOV,1,1,dancer01_session08,tendu and releves,tendu,front,good,foot is sickled in the front. Foot sould be more winged. Straighter legs. Plies in first are good. Good working through the feet.,coaching_note,,,,,,good_with_coaching_notes
9,dancer01_session09_plies_side_bad.MOV,1,1,dancer01_session09,plies,plie,side,bad,knees not over ties. Ribs open.,knee_tracking,,,,,,issue_labeled
10,dancer01_session10_plies_tendus_45_good.MOV,1,1,dancer01_session10,plies and tendus,plie_and_tendu,45_degree,good,knees could go over toes more. Back tendu could be more corssed back. Foot sickles a little when closes to fifth.,coaching_note,,,,,,good_with_coaching_notes
11,dancer01_session11_arabesque_good_45.MOV,1,1,dancer01_session11,arabesque pench,arabesque,45_degree,good,shoulders down. More turnout on working leg. Engage core.,coaching_note,,,,,,good_with_coaching_notes
12,dancer01_session12_tendus_45_good.MOV,1,1,dancer01_session12,tendu,tendu,45_degree,good,more turnout and shape the foot better,coaching_note,,,,,,good_with_coaching_notes
13,dancer01_session13_tendu_45_good.MOV,1,1,dancer01_session13,tendu,tendu,45_degree,good,,none_observed,,,,,,good_example
14,dancer01_session14_plies_side_good.MOV,1,1,dancer01_session14,plies,plie,side,good,knees need to track over toes more. Engage core and close the ribs,coaching_note,,,,,,good_with_coaching_notes
15,dancer02_session01_plie_side.mp4,2,1,dancer02_session01,plies,plie,side,good,knees track over toes better,coaching_note,,,,,,good_with_coaching_notes
16,dancer02_session01_tendu_side.mp4,2,1,dancer02_session01,tendus,tendu,side,good,more turnout and shape the foot better,coaching_note,,,,,,good_with_coaching_notes
17,dancer03_session01_plies_front_good.mov,3,1,dancer03_session01,plies,plie,front,good,perfect,coaching_note,,,,,,good_with_coaching_notes
18,dancer03_session01_tendus_front_good.mov,3,1,dancer03_session01,tendus,tendu,front,good,perfect,coaching_note,,,,,,good_with_coaching_notes
19,dancer03_session01_tendusfifth_front_good.mov,3,1,dancer03_session01,tendus,tendu,front,good,perfect,coaching_note,,,,,,good_with_coaching_notes
20,dancer03_session02_plies_45_good.mov,3,2,dancer03_session02,plies,plie,45_degree,good,perfect,coaching_note,,,,,,good_with_coaching_notes
21,dancer03_session02_tendus_45_good.mov,3,2,dancer03_session02,tendus,tendu,45_degree,good,perfect,coaching_note,,,,,,good_with_coaching_notes
